id,title,url,alt,upload_date,account_id
10,bcb34c5d-1613-47bf-92bd-3fb6416a517a.jpg,static\images\avatar\bcb34c5d-1613-47bf-92bd-3fb6416a517a.jpg,ảnh nền ng nhện,2025-11-12 15:14:18.24587,25
11,1271e39c-e7f5-430d-b749-abfe0ee35873.jpg,static\images\avatar\1271e39c-e7f5-430d-b749-abfe0ee35873.jpg,bbi,2025-11-12 15:43:34.630888,19
12,e7a95929-e62e-452c-a2b1-3394555b0d85.jpg,static\images\avatar\e7a95929-e62e-452c-a2b1-3394555b0d85.jpg,16835805_104017563457125_7105077335136502870_o,2025-11-12 15:43:44.376182,26
20,e7410b2d-7a04-46b0-8ab5-d984d5a1d43f.png,static\images\avatar\e7410b2d-7a04-46b0-8ab5-d984d5a1d43f.png,ảnh qa,2025-11-17 01:52:22.713722,2
25,7631d14e-4ada-4375-8780-01f821b5e552.jpg,static\images\avatar\7631d14e-4ada-4375-8780-01f821b5e552.jpg,z7232261433937_baf889d89789267cf0401f78006513dc,2025-11-17 04:49:14.754977,4
26,e0816596-3bc3-41e1-9f01-e0a76732158e.jpg,static\images\avatar\e0816596-3bc3-41e1-9f01-e0a76732158e.jpg,16835805_104017563457125_7105077335136502870_o,2025-11-17 13:32:23.555704,1
30,3803c358-c35d-45b5-b443-b5ee510358c3.png,static\images\avatar\3803c358-c35d-45b5-b443-b5ee510358c3.png,ảnh qa,2025-11-30 03:06:50.51608,8
34,e0d261b9-27a6-4f68-82c3-32ec7f50e8d5.png,static\images\avatar\e0d261b9-27a6-4f68-82c3-32ec7f50e8d5.png,ảnh qa,2025-11-30 03:29:10.293476,14
35,d60566a2-be79-4f14-8643-53354ddd77da.png,static\images\avatar\d60566a2-be79-4f14-8643-53354ddd77da.png,ảnh qa,2025-11-30 16:45:16.8436,27
36,f9a5efab-9ccf-4806-bf92-46553b5c43d2.png,static\images\avatar\f9a5efab-9ccf-4806-bf92-46553b5c43d2.png,ảnh qa,2025-12-07 13:50:16.688405,5
37,7d0cbe9c-5c25-42a5-b831-715ab846de5a.png,static\images\avatar\7d0cbe9c-5c25-42a5-b831-715ab846de5a.png,ảnh qa,2025-12-07 14:00:24.097388,3