id,title,url,alt,upload_date,profile_id
2,81aa9a63-b5c5-4952-afad-8bc9ffd0916b.jpeg,static/images/profile/81aa9a63-b5c5-4952-afad-8bc9ffd0916b.jpeg,,2025-10-08 15:42:41.475378,1
4,4d81e113-9cf2-4115-b703-cea2f86b1c5e.jpeg,static/images/profile/4d81e113-9cf2-4115-b703-cea2f86b1c5e.jpeg,,2025-10-10 12:46:49.126149,4
5,201ff221-a9fc-4568-a0c2-70d9469d0fba.jpeg,static/images/profile/201ff221-a9fc-4568-a0c2-70d9469d0fba.jpeg,,2025-10-10 12:46:49.344939,4
6,c5ac84a7-36fc-4704-9691-f45eb8512a64.jpeg,static/images/profile/c5ac84a7-36fc-4704-9691-f45eb8512a64.jpeg,,2025-10-10 12:46:49.511329,4
10,642d9357-3497-40c8-9edc-9b8e24e285e0.jpeg,static/images/profile/642d9357-3497-40c8-9edc-9b8e24e285e0.jpeg,,2025-10-10 12:53:48.789522,2
14,9f813920-9a74-43e1-9398-cf01b6dfa99d.jpeg,static/images/profile/9f813920-9a74-43e1-9398-cf01b6dfa99d.jpeg,,2025-10-13 15:36:04.766872,6
15,2627abff-85b0-424a-b3db-b3dd139b85de.jpeg,static/images/profile/2627abff-85b0-424a-b3db-b3dd139b85de.jpeg,,2025-10-13 15:36:05.034676,6
16,b7d731a7-113f-4f35-97d7-c63b22bf1404.jpeg,static/images/profile/b7d731a7-113f-4f35-97d7-c63b22bf1404.jpeg,,2025-10-13 15:46:52.53371,7
17,35e1687b-3164-45f1-8c51-7835631fbbad.jpeg,static/images/profile/35e1687b-3164-45f1-8c51-7835631fbbad.jpeg,,2025-10-13 15:46:52.787718,7
18,ddd6026d-faa1-4f8b-a4ec-7a6a12af74c1.jpeg,static/images/profile/ddd6026d-faa1-4f8b-a4ec-7a6a12af74c1.jpeg,,2025-10-13 15:46:52.985336,7
19,de9f049e-37ae-4b9b-b934-ba8e86f5935f.jpeg,static/images/profile/de9f049e-37ae-4b9b-b934-ba8e86f5935f.jpeg,,2025-10-18 09:59:32.339548,3
22,76cdbf66-8508-463a-8bdb-c294efb074e0.jpg,static/images/profile/76cdbf66-8508-463a-8bdb-c294efb074e0.jpg,,2025-10-27 06:52:00.220764,5
23,4093b6fe-0756-44ba-bdc7-f255fadf256d.jpg,static/images/profile/4093b6fe-0756-44ba-bdc7-f255fadf256d.jpg,,2025-10-27 06:52:14.215792,5
24,941160b9-a89e-44dc-848b-febe58b85bc5.8cb2a288-e2d7-416b-8049-27c2ca03219b,static/images/profile/941160b9-a89e-44dc-848b-febe58b85bc5.8cb2a288-e2d7-416b-8049-27c2ca03219b,,2025-11-07 12:43:56.62635,10
25,7b7adf45-6fdf-4b72-af32-e64308ae84c3.eb251c6f-39fc-4834-9861-a3c0a9e62796,static/images/profile/7b7adf45-6fdf-4b72-af32-e64308ae84c3.eb251c6f-39fc-4834-9861-a3c0a9e62796,,2025-11-07 12:43:56.919775,10
26,d76e876b-50f0-47a9-aa01-79963eefb765.d72415f6-219a-460b-9f17-d7df50cbad6a,static/images/profile/d76e876b-50f0-47a9-aa01-79963eefb765.d72415f6-219a-460b-9f17-d7df50cbad6a,,2025-11-07 13:26:33.379091,11
27,f11c59b3-6ab2-45bc-8f9f-2fb066d6d99a.94936c36-d074-4668-93e3-4d0e0d665c19,static/images/profile/f11c59b3-6ab2-45bc-8f9f-2fb066d6d99a.94936c36-d074-4668-93e3-4d0e0d665c19,,2025-11-07 13:26:33.655812,11
28,431c1f65-2fd5-4582-886e-9126a06eb545.f373dfdb-8dbb-4de7-a0c6-91d4bf13156d,static/images/profile/431c1f65-2fd5-4582-886e-9126a06eb545.f373dfdb-8dbb-4de7-a0c6-91d4bf13156d,,2025-11-07 13:33:33.010356,12
29,146da465-3bb0-41a8-b648-b082475c2a64.8bbaa04f-37e2-49fe-87c8-799938517ad1,static/images/profile/146da465-3bb0-41a8-b648-b082475c2a64.8bbaa04f-37e2-49fe-87c8-799938517ad1,,2025-11-07 13:33:33.284491,12
30,83195f95-ac35-41fb-b3a9-50455639539f.688d5c5c-9b89-4b5a-8584-5ae3862cc95c,static/images/profile/83195f95-ac35-41fb-b3a9-50455639539f.688d5c5c-9b89-4b5a-8584-5ae3862cc95c,,2025-11-07 16:36:03.974701,13
31,8c902ff1-95ed-48a3-a664-d85a2c421309.b023c8eb-d3bb-4f0a-ac47-4889f6609b21,static/images/profile/8c902ff1-95ed-48a3-a664-d85a2c421309.b023c8eb-d3bb-4f0a-ac47-4889f6609b21,,2025-11-07 16:36:04.263155,13
34,4c67477f-676a-459e-acec-af9af45b2969.jpg,static/images/profile/4c67477f-676a-459e-acec-af9af45b2969.jpg,,2025-11-08 02:11:25.192797,14
35,8eeda09e-9487-4792-9405-f2a476d5f910.jpg,static/images/profile/8eeda09e-9487-4792-9405-f2a476d5f910.jpg,,2025-11-08 02:11:34.807565,14
36,4bc39372-9433-463b-8eb4-b013358faeb7.jpg,static/images/profile/4bc39372-9433-463b-8eb4-b013358faeb7.jpg,,2025-11-08 08:30:38.847595,3
47,a9fb8501-00bd-4a6f-9254-b3fd32324160.png,static/images/profile/a9fb8501-00bd-4a6f-9254-b3fd32324160.png,,2025-11-17 14:30:13.717169,1
48,4077258e-a908-46e1-882f-782fd14a252f.jpg,static/images/profile/4077258e-a908-46e1-882f-782fd14a252f.jpg,,2025-11-17 14:30:22.062978,1
49,44021ef1-9749-4a78-a6fd-8fabca12674b.31b3a998-2389-425b-ba8b-26ca5ac34fe2,static/images/profile/44021ef1-9749-4a78-a6fd-8fabca12674b.31b3a998-2389-425b-ba8b-26ca5ac34fe2,,2025-11-19 07:53:03.038787,15
50,99ebe2c2-6452-419e-a99b-383145d58020.82f2b3ac-f2e2-4c4e-8a71-04275f621a7a,static/images/profile/99ebe2c2-6452-419e-a99b-383145d58020.82f2b3ac-f2e2-4c4e-8a71-04275f621a7a,,2025-11-19 07:53:03.385015,15
51,93eeeeb9-93f0-412a-b86e-fdc475b4a098.c5bf648d-d755-4cec-9eee-2c4f9b057f47,static/images/profile/93eeeeb9-93f0-412a-b86e-fdc475b4a098.c5bf648d-d755-4cec-9eee-2c4f9b057f47,,2025-11-20 15:13:45.686429,16
52,e797c32d-df8f-4019-ae86-5f698bf542f9.25a0ea10-bff3-4429-85bc-9786c4115649,static/images/profile/e797c32d-df8f-4019-ae86-5f698bf542f9.25a0ea10-bff3-4429-85bc-9786c4115649,,2025-11-20 15:13:45.952418,16
53,31388881-dbe5-4d03-beda-c1594ec1e087.04944358-96a5-41bf-93ca-b60b4d33e796,static/images/profile/31388881-dbe5-4d03-beda-c1594ec1e087.04944358-96a5-41bf-93ca-b60b4d33e796,,2025-11-25 15:41:40.239431,17
55,62ad5dcd-b0db-4142-926b-8fd0d6a2fe19.png,static/images/profile/62ad5dcd-b0db-4142-926b-8fd0d6a2fe19.png,,2025-11-30 02:51:53.648285,8
56,5a96f73c-95ee-41e5-bf73-e55f9c72c797.png,static/images/profile/5a96f73c-95ee-41e5-bf73-e55f9c72c797.png,,2025-11-30 02:51:59.384948,8
57,66202f2b-2098-42a3-96aa-c6aac75b13bd.jpeg,static/images/profile/66202f2b-2098-42a3-96aa-c6aac75b13bd.jpeg,,2026-01-10 02:28:26.258759,2