id,user1_id,user2_id,matched_at
3,1,3,2025-10-11 09:49:13
4,3,1,2025-10-11 09:49:25
5,2,13,2025-10-18 09:37:01.251793
6,4,13,2025-10-21 15:26:23.583562
7,2,4,2025-10-21 15:26:31.767211
8,4,5,2025-10-27 12:48:54.009508
9,5,13,2025-11-06 06:20:33.760251
10,1,5,2025-11-06 06:20:39.670357
11,3,5,2025-11-06 13:57:04.359483
12,3,13,2025-11-06 14:14:17.276015
13,2,3,2025-11-06 14:14:20.376086
1,3,1,2025-10-10 16:15:18
2,13,2,2025-10-18 09:40:35
3,13,1,2025-10-18 09:03:41
4,13,3,2025-11-06 14:16:48
5,13,5,2025-11-06 06:25:27
6,2,3,2025-11-06 14:18:57
7,5,2,2025-10-18 09:37:41
8,4,13,2025-10-21 15:29:31
9,4,2,2025-10-21 15:29:41
10,5,4,2025-10-27 12:49:44
11,5,3,2025-11-06 14:01:08
12,2,1,2025-11-06 16:22:32
13,3,4,2026-01-12 23:24:16
14,647,40,2025-11-23 13:09:06
15,258,1029,2025-12-14 14:02:17
16,733,481,2025-11-01 15:39:56
17,1306,141,2025-12-01 16:56:34
18,677,1027,2025-12-24 08:37:15
19,1393,1306,2025-12-05 00:49:14
20,902,1315,2026-01-06 05:03:18
21,616,69,2025-12-14 14:50:35
22,364,39,2025-12-31 09:40:55
23,781,247,2026-01-06 14:14:07
24,273,263,2025-11-06 05:59:03
25,985,1149,2025-12-10 07:56:51
26,190,785,2025-11-24 13:50:29
27,547,409,2025-11-14 02:06:18
28,277,111,2026-01-11 14:39:07
29,1388,1411,2025-12-26 04:25:32
30,383,36,2026-01-07 02:05:42
31,877,484,2026-01-09 15:14:40
32,285,270,2025-12-21 11:11:30
33,1294,815,2025-12-27 20:52:30
34,561,1027,2026-01-05 12:13:22
35,556,895,2025-11-15 04:11:11
36,537,138,2025-12-20 09:04:46
37,921,281,2026-01-09 09:48:18
38,397,1018,2026-01-04 21:02:28
39,782,638,2025-11-28 09:05:16
40,1410,29,2026-01-14 18:12:51
41,345,566,2025-12-12 07:19:40
42,1129,210,2025-11-18 02:38:12
43,372,1287,2025-11-21 14:22:38
44,255,726,2025-12-05 12:00:31
45,474,1134,2025-12-03 05:26:39
46,1117,1246,2026-01-07 07:06:04
47,377,974,2026-01-10 15:08:21
48,952,1362,2026-01-07 21:00:47
49,331,533,2026-01-07 10:56:42
50,344,756,2026-01-11 22:37:20
51,618,1454,2026-01-05 19:22:35
52,442,1421,2025-12-19 13:39:46
53,670,1405,2025-12-09 21:35:38
54,169,472,2026-01-12 04:24:08
55,853,1373,2025-12-10 20:47:00
56,1278,983,2025-12-18 00:14:49
57,813,880,2026-01-11 22:51:28
58,335,1509,2025-12-21 09:44:28
59,990,397,2025-12-04 17:13:34
60,1091,279,2025-12-17 10:56:57
61,616,202,2025-10-21 10:40:28
62,853,444,2025-12-26 14:27:56
63,1199,1205,2025-12-11 08:50:01
64,360,1375,2025-12-04 08:42:29
65,239,87,2025-11-08 23:47:25
66,359,83,2025-12-12 10:10:03
67,223,1129,2026-01-10 02:50:44
68,498,817,2026-01-09 11:15:55
69,83,739,2025-12-28 23:45:27
70,1311,607,2025-12-21 04:36:27
71,597,695,2025-11-15 12:11:02
72,525,1505,2025-12-24 05:45:44
73,876,1370,2025-12-10 06:19:47
74,175,851,2025-12-28 08:02:35
75,1214,169,2026-01-07 19:55:15
76,792,123,2026-01-12 19:11:02
77,71,813,2025-12-17 14:44:59
78,839,1423,2025-12-04 23:42:38
79,930,553,2026-01-03 08:26:21
80,22,166,2025-12-20 22:33:03
81,1454,1316,2025-10-25 19:29:29
82,1224,845,2025-11-20 20:15:45
83,1008,658,2026-01-12 09:14:46
84,1403,474,2026-01-06 19:41:31
85,741,1173,2026-01-12 13:31:05
86,1212,140,2026-01-13 08:43:29
87,272,1293,2025-12-27 00:13:51
88,322,167,2025-12-13 21:19:30
89,937,1365,2025-11-22 00:40:41
90,692,1380,2025-12-20 14:52:06
91,1509,1294,2026-01-11 09:01:50
92,643,1501,2025-11-16 10:43:41
93,903,263,2026-01-08 07:54:46
94,268,1289,2026-01-14 01:16:30
95,1216,1121,2025-11-02 16:40:28
96,128,478,2026-01-09 06:43:39
97,451,1243,2025-12-03 16:18:07
98,1061,880,2025-12-10 22:12:30
99,1400,738,2025-12-22 12:24:03
100,1166,338,2026-01-03 08:44:38
101,105,1411,2025-12-31 16:26:41
102,1081,1135,2025-11-30 18:13:33
103,149,407,2025-12-25 23:48:08
104,959,592,2025-12-23 06:59:42
105,554,1228,2025-12-03 12:16:48
106,1403,1390,2025-11-21 03:13:23
107,1114,388,2026-01-06 02:23:34
108,1354,136,2025-12-28 11:52:03
109,530,403,2025-11-17 15:03:48
110,1104,938,2025-11-20 16:09:28
111,1424,847,2025-12-18 17:46:49
112,305,516,2026-01-08 09:23:06
113,1420,1508,2025-11-16 08:03:50
114,365,1241,2026-01-03 01:23:15
115,273,543,2026-01-10 06:17:50
116,1030,1065,2025-10-31 08:55:10
117,1497,45,2026-01-05 19:55:34
118,150,885,2025-12-02 01:42:10
119,555,136,2026-01-12 11:20:33
120,685,88,2025-12-21 16:24:55
121,539,934,2026-01-13 11:32:29
122,655,1400,2025-11-29 17:05:22
123,881,578,2025-12-31 21:28:08
124,1024,1413,2025-11-11 06:59:28
125,449,1167,2025-12-19 19:16:04
126,711,269,2025-11-26 22:22:15
127,1046,147,2025-12-14 19:47:06
128,1250,1488,2026-01-02 00:15:48
129,323,298,2026-01-02 04:22:18
130,1044,1503,2025-12-02 08:05:08
131,1094,588,2025-12-13 10:03:10
132,1196,633,2025-11-07 00:46:11
133,408,360,2025-11-15 05:31:12
134,159,108,2025-11-21 15:42:18
135,1267,193,2026-01-11 13:32:45
136,367,583,2025-10-29 14:43:50
137,752,707,2025-12-23 01:54:03
138,721,839,2025-12-11 20:31:26
139,895,986,2025-11-02 12:33:26
140,1082,618,2025-12-27 23:36:46
141,613,1511,2025-11-30 00:07:32
142,500,1040,2026-01-03 11:38:16
143,494,1019,2026-01-03 13:09:57
144,864,895,2026-01-03 02:43:24
145,1059,965,2026-01-02 18:24:24
146,1511,742,2025-12-31 13:00:51
147,769,1437,2025-11-26 20:24:19
148,225,666,2026-01-11 20:07:42
149,851,1086,2025-12-21 23:19:11
150,110,331,2026-01-02 06:06:39
151,408,1497,2025-12-25 16:13:22
152,466,477,2025-12-30 14:24:20
153,1487,774,2025-11-29 04:46:13
154,406,729,2026-01-01 17:18:32
155,327,1301,2025-11-22 12:23:04
156,90,497,2025-12-25 13:39:28
157,1468,1178,2026-01-04 04:53:25
158,191,583,2026-01-14 00:50:20
159,1217,898,2026-01-11 15:11:28
160,1080,649,2025-12-29 12:51:30
161,1232,111,2026-01-11 20:09:52
162,1505,1014,2025-12-05 01:19:13
163,1043,1008,2025-12-12 22:31:39
164,413,204,2025-12-07 22:20:45
165,79,889,2025-12-30 16:17:02
166,264,802,2025-11-14 23:36:24
167,285,649,2025-12-18 05:51:24
168,863,762,2025-12-08 03:07:25
169,445,105,2025-12-04 06:05:02
170,168,213,2026-01-14 00:29:30
171,935,616,2026-01-14 05:43:19
172,950,236,2025-12-15 12:17:04
173,45,500,2025-12-27 10:09:10
174,1033,189,2025-11-29 06:14:11
175,887,899,2026-01-09 03:56:53
176,585,1068,2025-12-02 15:56:58
177,1412,241,2025-12-23 18:19:08
178,1146,1085,2025-12-13 13:22:09
179,122,276,2025-11-13 04:48:37
180,1055,940,2025-11-10 08:26:27
181,347,1186,2025-11-23 04:22:06
182,366,780,2025-12-12 07:57:05
183,226,1150,2025-11-18 21:27:12
184,666,1250,2026-01-12 05:17:29
185,617,1506,2026-01-08 18:52:54
186,457,96,2025-11-05 20:37:33
187,815,1371,2025-12-07 03:42:48
188,790,294,2025-11-16 14:49:02
189,844,676,2025-12-23 10:56:55
190,490,1304,2025-11-07 11:34:06
191,591,593,2026-01-06 12:37:20
192,768,606,2025-12-13 10:12:25
193,819,602,2025-10-27 02:05:50
194,480,216,2026-01-13 12:21:16
195,1457,31,2025-11-25 00:29:34
196,375,1448,2026-01-14 19:03:23
197,1198,84,2025-12-31 02:32:30
198,490,368,2025-10-27 04:06:06
199,618,908,2026-01-01 16:31:12
200,510,735,2025-12-26 00:09:49
201,823,1194,2026-01-13 23:08:04
202,981,325,2026-01-11 17:35:12
203,691,481,2025-12-07 04:28:03
204,1076,323,2025-12-20 16:52:40
205,390,87,2025-12-20 03:31:02
206,1257,506,2025-12-25 02:51:44
207,321,1462,2026-01-09 22:44:30
208,441,617,2025-12-20 17:06:18
209,678,1475,2025-11-18 15:41:09
210,1184,707,2026-01-06 22:42:29
211,286,731,2025-12-25 10:58:34
212,1375,708,2026-01-03 18:43:38
213,610,1385,2026-01-07 08:38:03
214,1469,1369,2026-01-13 05:56:54
215,1353,565,2025-11-21 11:57:44
216,1140,668,2025-12-27 00:14:54
217,964,745,2025-10-27 22:40:55
218,395,391,2026-01-12 15:33:16
219,1426,943,2025-12-26 11:25:25
220,1028,1448,2025-12-02 04:51:13
221,916,335,2025-12-11 02:41:06
222,1259,762,2025-12-03 17:18:46
223,795,1424,2025-12-24 15:21:48
224,626,1038,2026-01-15 01:14:14
225,53,50,2025-12-11 05:56:09
226,760,1503,2025-11-18 21:56:29
227,106,1157,2026-01-14 23:53:27
228,1217,1038,2025-12-22 14:53:41
229,132,911,2025-12-20 16:16:32
230,1194,614,2026-01-01 20:18:48
231,801,728,2026-01-08 10:53:05
232,1336,688,2025-12-29 00:10:57
233,263,799,2026-01-05 23:06:04
234,100,644,2025-12-05 20:26:08
235,313,1223,2025-11-22 05:25:47
236,535,983,2025-12-08 14:37:30
237,330,315,2025-11-26 18:10:52
238,102,71,2025-11-19 01:29:19
239,267,1085,2025-12-21 23:51:14
240,618,797,2025-11-19 12:39:24
241,91,417,2026-01-11 10:00:08
242,643,1040,2026-01-05 04:01:17
243,1279,194,2025-10-28 11:37:48
244,921,439,2026-01-10 06:13:02
245,888,738,2026-01-10 15:46:32
246,889,267,2025-12-08 19:52:16
247,441,780,2025-12-22 12:27:23
248,330,415,2025-12-16 15:55:39
249,56,1460,2026-01-01 22:17:22
250,121,230,2026-01-08 01:58:58
251,963,64,2025-11-30 21:01:34
252,143,65,2026-01-06 14:28:24
253,1480,1346,2025-12-19 14:12:38
254,314,242,2025-11-26 12:50:28
255,48,1274,2025-12-18 12:12:43
256,764,600,2025-12-27 17:59:56
257,1414,1422,2025-12-06 01:48:52
258,1263,202,2026-01-14 04:47:23
259,1323,102,2025-12-31 23:07:06
260,716,1341,2025-11-23 19:58:10
261,1502,859,2025-12-10 09:51:19
262,678,1165,2025-11-07 01:12:50
263,978,1509,2026-01-15 08:46:00
264,857,1468,2026-01-03 10:23:14
265,413,797,2025-11-28 08:37:28
266,215,973,2025-12-24 14:35:48
267,1376,1090,2025-12-24 08:00:56
268,204,695,2026-01-04 19:20:35
269,306,1504,2026-01-03 05:25:22
270,417,1046,2025-12-22 06:48:20
271,145,790,2025-12-26 05:31:02
272,653,565,2026-01-13 23:34:58
273,575,782,2025-12-31 22:26:29
274,1384,523,2026-01-03 06:00:11
275,892,1180,2025-12-14 00:10:19
276,1034,394,2025-11-30 09:59:15
277,1249,86,2025-12-31 09:30:58
278,777,1263,2025-11-29 07:07:38
279,1443,139,2026-01-10 09:20:17
280,996,465,2025-12-30 16:10:43
281,507,1468,2026-01-05 19:23:36
282,406,767,2025-11-08 21:06:53
283,559,812,2026-01-08 20:25:37
284,50,697,2025-12-03 08:03:10
285,735,649,2025-12-08 22:34:41
286,951,390,2025-11-30 01:55:53
287,714,894,2025-11-06 19:59:51
288,26,22,2025-11-28 21:20:03
289,1303,398,2025-12-17 06:31:58
290,300,446,2026-01-13 21:50:53
291,209,86,2025-12-02 07:40:58
292,465,1202,2025-12-08 04:05:35
293,689,692,2026-01-06 19:03:47
294,103,899,2025-11-18 03:38:56
295,926,417,2025-11-17 16:36:37
296,1358,69,2025-11-26 01:37:41
297,972,757,2025-11-27 09:24:18
298,140,466,2025-12-22 17:26:54
299,505,1183,2025-11-06 22:31:28
300,279,675,2025-12-21 00:49:19
301,639,622,2025-12-19 22:13:15
302,443,87,2026-01-11 00:56:57
303,248,909,2026-01-13 19:23:31
304,1360,1406,2025-12-27 22:05:41
305,1352,689,2025-12-13 11:46:20
306,1202,1076,2025-12-03 21:43:30
307,753,992,2026-01-05 16:23:26
308,192,343,2025-12-07 07:38:36
309,103,1306,2026-01-07 07:38:48
310,1311,1006,2025-11-14 08:10:26
311,204,198,2025-12-04 20:09:04
312,1383,1295,2025-12-21 02:14:40
313,27,1206,2025-11-11 00:27:10
314,944,1388,2026-01-04 14:01:08
315,1326,29,2026-01-10 02:42:33
316,655,1216,2025-11-28 20:55:29
317,230,46,2025-11-28 06:46:22
318,1409,323,2025-10-30 17:13:29
319,915,106,2025-12-24 01:17:30
320,1089,1196,2025-12-25 02:45:53
321,520,1458,2026-01-07 14:17:04
322,1075,1342,2026-01-03 12:08:19
323,356,835,2025-11-30 12:23:28
324,720,1315,2026-01-10 02:16:20
325,388,1379,2025-11-08 00:42:33
326,1047,615,2025-11-07 18:04:39
327,62,1360,2025-11-26 08:29:30
328,576,19,2025-12-11 16:52:47
329,583,605,2025-12-14 21:41:54
330,766,831,2025-11-15 07:46:06
331,60,1235,2026-01-06 08:35:17
332,1508,1470,2026-01-03 15:38:55
333,780,114,2025-11-08 07:57:09
334,1224,694,2025-11-30 00:56:17
335,732,1166,2026-01-05 22:50:36
336,1373,577,2025-12-07 17:09:43
337,358,1184,2025-12-13 10:36:29
338,1286,346,2025-12-22 08:28:46
339,1171,534,2025-11-15 19:39:10
340,1184,814,2025-11-07 19:22:28
341,65,135,2025-11-30 12:23:33
342,955,742,2025-11-15 22:33:25
343,1264,1049,2025-12-29 14:08:39
344,67,424,2025-12-06 16:33:42
345,1241,331,2025-11-28 12:25:41
346,717,700,2025-12-07 21:59:02
347,713,399,2025-12-23 21:38:44
348,5,912,2025-11-07 23:07:15
349,1266,187,2025-12-29 13:07:11
350,1347,187,2025-12-22 13:19:32
351,38,888,2025-12-23 02:34:37
352,518,653,2025-11-07 20:38:38
353,72,1277,2025-12-27 01:33:02
354,1298,160,2025-12-02 21:39:33
355,788,331,2026-01-03 23:55:00
356,688,647,2025-11-19 16:01:33
357,244,508,2026-01-09 14:40:21
358,349,275,2026-01-02 20:38:39
359,551,1145,2025-12-18 15:15:34
360,1124,948,2025-12-07 21:43:14
361,1236,228,2025-11-19 18:15:45
362,65,1369,2025-12-31 18:48:49
363,1366,701,2026-01-07 09:56:08
364,1219,556,2025-12-10 15:09:22
365,976,1497,2026-01-02 08:30:09
366,773,188,2026-01-12 11:13:51
367,223,345,2025-12-02 17:49:28
368,892,502,2026-01-08 06:59:54
369,438,404,2026-01-01 04:04:24
370,605,189,2025-11-12 09:40:44
371,606,382,2025-11-08 06:02:57
372,1017,838,2025-12-14 01:22:09
373,1447,469,2025-12-18 00:16:08
374,1454,1318,2026-01-12 22:19:10
375,733,758,2026-01-12 06:46:56
376,126,1488,2026-01-12 01:38:19
377,1326,233,2026-01-08 21:43:41
378,786,117,2025-11-11 03:40:19
379,1046,804,2025-12-31 13:06:25
380,1254,1174,2026-01-05 16:06:22
381,1123,263,2026-01-15 03:34:19
382,675,763,2025-11-14 05:53:44
383,397,306,2025-11-12 03:48:47
384,109,1513,2026-01-07 01:23:00
385,202,592,2025-12-31 00:59:07
386,1450,918,2025-11-15 12:59:56
387,444,396,2026-01-05 20:00:12
388,180,593,2025-11-23 08:12:02
389,387,383,2025-12-14 14:23:34
390,1144,456,2025-11-26 16:02:30
391,570,63,2025-11-18 11:13:10
392,428,1249,2026-01-14 20:39:34
393,783,304,2026-01-12 01:13:42
394,806,1377,2025-11-09 00:00:48
395,110,638,2025-12-27 12:45:06
396,797,173,2026-01-05 20:02:08
397,610,1383,2026-01-11 21:22:05
398,1017,1007,2025-12-08 05:28:24
399,291,259,2025-12-03 15:46:12
400,165,49,2025-11-13 04:49:41
401,648,480,2026-01-13 01:04:14
402,627,1436,2026-01-09 04:12:30
403,883,1097,2025-12-31 14:54:11
404,995,142,2026-01-06 17:38:05
405,768,241,2025-11-19 15:54:13
406,1120,832,2026-01-13 20:57:33
407,1139,913,2025-10-21 14:39:55
408,1377,610,2025-12-14 10:12:45
409,1225,133,2025-11-22 09:31:56
410,466,621,2025-12-20 09:32:45
411,636,512,2025-12-29 12:45:38
412,681,791,2025-12-03 16:05:59
413,230,1429,2025-12-29 19:17:28
414,1206,201,2025-11-26 06:56:48
415,125,702,2025-11-30 16:02:56
416,1248,681,2025-12-23 07:53:32
417,357,667,2025-12-22 00:49:29
418,914,1307,2025-12-08 09:13:34
419,1429,1138,2025-10-28 15:58:04
420,73,185,2025-11-12 07:31:53
421,708,656,2025-11-12 21:49:09
422,130,177,2026-01-02 02:16:27
423,404,561,2025-12-31 08:28:15
424,899,336,2025-12-17 15:05:58
425,611,754,2025-12-22 18:12:49
426,539,202,2025-12-05 23:11:34
427,466,257,2026-01-11 17:52:29
428,1103,910,2025-12-23 14:07:14
429,1224,104,2025-11-22 10:36:43
430,508,454,2025-11-01 02:22:04
431,941,771,2025-11-13 03:26:41
432,566,75,2026-01-01 17:51:43
433,766,517,2026-01-14 09:21:35
434,847,1087,2025-11-12 18:42:34
435,396,226,2025-12-09 01:28:11
436,1343,1192,2026-01-09 18:46:29
437,292,1489,2025-11-21 12:05:04
438,777,1255,2026-01-05 18:39:10
439,263,1152,2025-12-14 08:51:40
440,1056,705,2026-01-06 01:41:47
441,518,939,2025-12-17 22:34:57
442,777,566,2025-12-03 16:34:19
443,859,1301,2025-11-01 21:20:41
444,1347,1154,2026-01-14 07:21:56
445,806,844,2025-12-24 18:20:56
446,181,1438,2026-01-04 12:47:02
447,375,82,2025-11-10 07:20:01
448,949,53,2025-11-22 14:31:14
449,1328,129,2025-12-27 03:33:12
450,599,1227,2025-12-19 00:29:16
451,206,644,2025-12-13 10:35:34
452,389,925,2026-01-06 20:13:29
453,1505,4,2025-12-26 16:01:24
454,65,662,2025-11-16 23:14:11
455,30,778,2025-11-10 22:13:34
456,958,646,2026-01-11 22:54:35
457,145,227,2025-12-11 23:58:06
458,265,694,2026-01-13 03:43:19
459,283,1196,2025-12-16 06:03:06
460,1299,402,2026-01-09 21:05:12
461,1137,108,2025-11-15 20:10:17
462,907,614,2025-10-20 23:46:13
463,57,70,2025-12-07 09:53:56
464,518,1372,2025-12-16 03:03:26
465,756,777,2025-11-09 21:50:26
466,572,145,2025-11-18 13:33:03
467,915,1047,2026-01-10 01:03:25
468,801,513,2025-11-15 17:49:37
469,879,1517,2025-12-28 12:00:10
470,1270,169,2026-01-04 07:13:34
471,1068,1466,2025-12-16 04:38:12
472,656,593,2025-11-28 08:04:40
473,808,749,2025-12-03 14:03:21
474,568,877,2025-12-23 17:58:12
475,595,21,2026-01-14 03:28:10
476,1490,277,2025-12-05 20:09:58
477,366,90,2025-12-11 18:21:15
478,1147,988,2025-11-23 09:29:31
479,343,660,2025-12-09 13:03:13
480,1314,33,2025-11-29 22:59:57
481,1125,771,2025-12-11 10:44:02
482,1338,1495,2025-12-22 16:54:08
483,1315,1152,2026-01-02 06:40:47
484,1360,1053,2025-12-12 09:32:56
485,918,792,2026-01-10 06:50:32
486,739,1254,2025-11-19 08:44:44
487,945,509,2026-01-04 15:07:30
488,568,1018,2026-01-08 22:54:51
489,695,314,2025-10-27 03:35:48
490,522,1328,2025-12-30 01:41:22
491,564,1163,2026-01-14 07:57:16
492,637,1027,2025-12-31 09:21:07
493,1431,1131,2025-11-08 17:59:24
494,248,72,2025-12-27 23:13:26
495,42,973,2025-12-25 16:01:18
496,1432,688,2026-01-09 22:57:04
497,671,641,2026-01-13 05:56:31
498,865,414,2025-12-13 10:36:50
499,1428,192,2025-12-16 23:38:22
500,1305,650,2025-12-12 02:03:51
501,460,741,2026-01-10 03:29:21
502,1069,257,2025-12-26 21:42:57
503,993,934,2025-12-17 12:48:18
504,393,617,2025-12-20 12:23:20
505,461,360,2025-12-20 01:27:32
506,1178,1104,2025-12-27 17:58:53
507,256,1027,2025-12-16 15:26:32
508,1325,1464,2025-12-18 23:13:38
509,225,158,2025-11-27 14:53:22
510,600,864,2026-01-04 01:48:36
511,919,452,2025-12-20 23:24:34
512,1423,472,2025-11-25 16:12:42
513,29,1402,2025-12-25 05:45:08
514,783,1117,2026-01-11 06:48:41
515,324,773,2026-01-15 05:04:28
516,408,841,2025-11-06 19:35:07
517,1338,600,2025-12-19 02:03:44
518,603,1425,2026-01-11 04:44:36
519,653,1374,2026-01-13 16:47:20
520,1351,779,2025-12-14 18:51:43
521,1242,752,2025-12-26 09:44:35
522,1339,389,2025-12-04 12:13:29
523,1233,118,2025-11-19 20:48:02
524,1485,651,2025-11-21 00:43:26
525,1452,1495,2025-11-22 06:32:46
526,656,619,2025-11-10 13:52:26
527,459,1278,2025-11-14 21:55:42
528,889,210,2025-12-21 11:33:48
529,288,1088,2025-12-15 04:19:23
530,206,801,2026-01-15 03:44:26
531,1503,583,2026-01-11 08:59:31
532,61,1118,2025-11-24 02:54:27
533,1301,1456,2025-11-21 04:04:19
534,417,436,2025-11-14 01:33:32
535,20,1302,2025-11-02 17:23:23
536,1404,1050,2026-01-05 19:41:23
537,943,386,2025-12-12 10:49:00
538,1256,1387,2025-12-25 03:02:59
539,469,1442,2025-12-09 19:04:30
540,137,114,2025-12-30 07:49:23
541,152,38,2025-12-19 21:24:49
542,137,1263,2025-11-23 01:15:24
543,193,914,2026-01-09 13:38:13
544,553,251,2026-01-09 19:46:02
545,854,181,2025-12-09 23:36:30
546,589,992,2026-01-09 22:35:56
547,798,939,2025-12-23 23:53:02
548,528,802,2025-11-16 08:57:33
549,318,790,2025-12-15 20:00:03
550,502,856,2025-11-17 19:32:06
551,144,826,2025-11-25 12:14:44
552,1219,206,2026-01-05 19:36:30
553,790,929,2025-11-22 14:30:20
554,688,174,2025-12-12 00:12:29
555,1092,586,2025-11-18 07:14:13
556,1095,811,2025-12-28 16:58:14
557,1036,1466,2026-01-07 17:45:23
558,624,1490,2025-12-24 03:52:47
559,438,991,2026-01-07 12:22:29
560,989,305,2025-12-15 02:03:05
561,845,640,2026-01-01 03:42:11
562,1317,209,2025-12-27 00:51:56
563,39,744,2025-11-24 12:10:09
564,495,1293,2025-11-30 12:53:02
565,458,1269,2025-11-30 22:49:32
566,372,458,2025-11-12 20:17:12
567,1463,510,2026-01-06 12:11:53
568,181,1390,2025-12-12 18:46:36
569,1015,1297,2025-12-17 08:06:02
570,1040,841,2025-12-10 16:30:15
571,1246,148,2025-12-17 17:58:13
572,366,298,2025-12-11 07:34:04
573,162,1225,2026-01-04 21:14:20
574,1148,208,2026-01-03 21:48:22
575,286,986,2025-11-24 20:36:18
576,298,626,2026-01-08 12:48:33
577,1451,637,2025-11-16 12:40:05
578,1002,655,2025-12-28 22:56:50
579,982,1513,2025-11-09 22:39:02
580,1235,1353,2025-12-28 11:08:59
581,591,786,2025-12-06 06:43:19
